-- MySQL dump 10.13  Distrib 8.0.22, for Win64 (x86_64)
--
-- Host: localhost    Database: grocery_store
-- ------------------------------------------------------
-- Server version	8.0.22

/*!40101 SET @OLD_CHARACTER_SET_CLIENT=@@CHARACTER_SET_CLIENT */;
/*!40101 SET @OLD_CHARACTER_SET_RESULTS=@@CHARACTER_SET_RESULTS */;
/*!40101 SET @OLD_COLLATION_CONNECTION=@@COLLATION_CONNECTION */;
/*!50503 SET NAMES utf8 */;
/*!40103 SET @OLD_TIME_ZONE=@@TIME_ZONE */;
/*!40103 SET TIME_ZONE='+00:00' */;
/*!40014 SET @OLD_UNIQUE_CHECKS=@@UNIQUE_CHECKS, UNIQUE_CHECKS=0 */;
/*!40014 SET @OLD_FOREIGN_KEY_CHECKS=@@FOREIGN_KEY_CHECKS, FOREIGN_KEY_CHECKS=0 */;
/*!40101 SET @OLD_SQL_MODE=@@SQL_MODE, SQL_MODE='NO_AUTO_VALUE_ON_ZERO' */;
/*!40111 SET @OLD_SQL_NOTES=@@SQL_NOTES, SQL_NOTES=0 */;

--
-- Table structure for table `order_details`
--

DROP TABLE IF EXISTS `order_details`;
/*!40101 SET @saved_cs_client     = @@character_set_client */;
/*!50503 SET character_set_client = utf8mb4 */;
CREATE TABLE `order_details` (
  `order_id` int NOT NULL AUTO_INCREMENT,
  `product_id` int NOT NULL,
  `quantity` double NOT NULL,
  `total_price` double NOT NULL,
  PRIMARY KEY (`order_id`,`product_id`),
  KEY `fk_product_id_idx` (`product_id`),
  CONSTRAINT `fk_product_id` FOREIGN KEY (`product_id`) REFERENCES `products` (`product_id`) ON UPDATE RESTRICT
) ENGINE=InnoDB AUTO_INCREMENT=34 DEFAULT CHARSET=utf8mb4 COLLATE=utf8mb4_0900_ai_ci;
/*!40101 SET character_set_client = @saved_cs_client */;

--
-- Dumping data for table `order_details`
--

LOCK TABLES `order_details` WRITE;
/*!40000 ALTER TABLE `order_details` DISABLE KEYS */;
INSERT INTO `order_details` VALUES (32,2,1,35),(32,116,1,25),(33,113,3,24),(33,114,1,30);
/*!40000 ALTER TABLE `order_details` ENABLE KEYS */;
UNLOCK TABLES;

--
-- Table structure for table `orders`
--

DROP TABLE IF EXISTS `orders`;
/*!40101 SET @saved_cs_client     = @@character_set_client */;
/*!50503 SET character_set_client = utf8mb4 */;
CREATE TABLE `orders` (
  `oreder_id` int NOT NULL AUTO_INCREMENT,
  `customer_name` varchar(100) NOT NULL,
  `total` double NOT NULL,
  `datetime` datetime NOT NULL,
  PRIMARY KEY (`oreder_id`)
) ENGINE=InnoDB AUTO_INCREMENT=34 DEFAULT CHARSET=utf8mb4 COLLATE=utf8mb4_0900_ai_ci;
/*!40101 SET character_set_client = @saved_cs_client */;

--
-- Dumping data for table `orders`
--

LOCK TABLES `orders` WRITE;
/*!40000 ALTER TABLE `orders` DISABLE KEYS */;
INSERT INTO `orders` VALUES (31,'Mr. Shafin',14,'2021-01-15 12:01:23'),(32,'Ms. Sadia',60,'2021-01-15 12:02:25'),(33,'Mr. Shafin',54,'2021-01-15 12:04:49');
/*!40000 ALTER TABLE `orders` ENABLE KEYS */;
UNLOCK TABLES;

--
-- Table structure for table `products`
--

DROP TABLE IF EXISTS `products`;
/*!40101 SET @saved_cs_client     = @@character_set_client */;
/*!50503 SET character_set_client = utf8mb4 */;
CREATE TABLE `products` (
  `product_id` int NOT NULL AUTO_INCREMENT,
  `name` char(100) NOT NULL,
  `uom_id` int NOT NULL,
  `price_per_unit` double NOT NULL,
  PRIMARY KEY (`product_id`),
  KEY `fk_uom_id_idx` (`uom_id`),
  CONSTRAINT `fk_uom_id` FOREIGN KEY (`uom_id`) REFERENCES `uom` (`uom_id`) ON UPDATE RESTRICT
) ENGINE=InnoDB AUTO_INCREMENT=121 DEFAULT CHARSET=utf8mb4 COLLATE=utf8mb4_0900_ai_ci;
/*!40101 SET character_set_client = @saved_cs_client */;

--
-- Dumping data for table `products`
--

LOCK TABLES `products` WRITE;
/*!40000 ALTER TABLE `products` DISABLE KEYS */;
INSERT INTO `products` VALUES (1,'Rice',2,55),(2,'Potato',2,35),(112,'Cake',1,20),(113,'Egg',1,8),(114,'Bread',1,30),(115,'Pen',1,6),(116,'Notebook',1,25),(117,'Spinach',1,12),(118,'Flour',2,45),(119,'Tomato',2,30);
/*!40000 ALTER TABLE `products` ENABLE KEYS */;
UNLOCK TABLES;

--
-- Table structure for table `uom`
--

DROP TABLE IF EXISTS `uom`;
/*!40101 SET @saved_cs_client     = @@character_set_client */;
/*!50503 SET character_set_client = utf8mb4 */;
CREATE TABLE `uom` (
  `uom_id` int NOT NULL AUTO_INCREMENT,
  `uom_name` varchar(45) NOT NULL,
  PRIMARY KEY (`uom_id`)
) ENGINE=InnoDB AUTO_INCREMENT=3 DEFAULT CHARSET=utf8mb4 COLLATE=utf8mb4_0900_ai_ci;
/*!40101 SET character_set_client = @saved_cs_client */;

--
-- Dumping data for table `uom`
--

LOCK TABLES `uom` WRITE;
/*!40000 ALTER TABLE `uom` DISABLE KEYS */;
INSERT INTO `uom` VALUES (1,'each'),(2,'kg');
/*!40000 ALTER TABLE `uom` ENABLE KEYS */;
UNLOCK TABLES;
/*!40103 SET TIME_ZONE=@OLD_TIME_ZONE */;

/*!40101 SET SQL_MODE=@OLD_SQL_MODE */;
/*!40014 SET FOREIGN_KEY_CHECKS=@OLD_FOREIGN_KEY_CHECKS */;
/*!40014 SET UNIQUE_CHECKS=@OLD_UNIQUE_CHECKS */;
/*!40101 SET CHARACTER_SET_CLIENT=@OLD_CHARACTER_SET_CLIENT */;
/*!40101 SET CHARACTER_SET_RESULTS=@OLD_CHARACTER_SET_RESULTS */;
/*!40101 SET COLLATION_CONNECTION=@OLD_COLLATION_CONNECTION */;
/*!40111 SET SQL_NOTES=@OLD_SQL_NOTES */;

-- Dump completed on 2021-01-15 12:33:01
